"Future of Cities  ","https://www.futureofcities.city/"
"CityLab  ","https://www.citylab.com/"
"Next City – Inspiring Better Cities  ","https://nextcity.org/"
"Urban Us - seed-stage VC for tech improving higher density city living ","https://urban.us/"
"Home - NewCities ","https://newcities.org/"
"Web Urbanist | Urban Architecture, Art, Design, Technology & Travel  ","https://weburbanist.com/"
"UCL Urban Laboratory - UCL - London's Global University ","https://www.ucl.ac.uk/urban-lab/"
"Home / Harvard GSD Urban Theory Lab ","http://www.urbantheorylab.net/"
"City Form Lab ","http://cityform.mit.edu/"
"AA School Homepage ","https://www.aaschool.ac.uk/"
"Homepage - FCL – Future Cities Laboratory | ETH Zurich ","https://fcl.ethz.ch/"
"Department of Architecture – Department of Architecture | ETH Zurich  ","https://arch.ethz.ch/en"
"Perspectives - Arup  ","https://www.arup.com/perspectives"
"Home - Arup Foresight ","https://foresight.arup.com/"
"Urban Design Forum  ","https://urbandesignforum.org/"
"International Forum on Urbanism [IFoU] ","http://ifou.org/"
"Main Home - Urban Future  ","https://www.urban-future.org/"
"Architect Design News & Trends - Building Design + Construction  ","https://www.bdcnetwork.com/"
"Urban Data Platform Plus ","https://urban.jrc.ec.europa.eu/#/en"
"","https://urban.jrc.ec.europa.eu/thefutureofcities/"
"Travel News, Airline Industry News, & Hotel Industry News by Skift  ","https://skift.com/"
"UCLG – United Cities and Local Governments: ","https://www.uclg.org/en"
"About Us - 100 Resilient Cities ","https://www.100resilientcities.org/"
"Ecologic Institute: Science and Policy for a Sustainable World  ","https://www.ecologic.eu/"
"Smart Cities World - Home ","https://www.smartcitiesworld.net/"
"Home | Marketplace of the European Innovation Partnership on Smart Cities and Communities ","https://eu-smartcities.eu/"
"Smart City Lab, Your smart cities news and research ","https://www.smartcitylab.com/blog/"
"Home - BIM WORLD  ","https://bim-w.com/en"
"Futura-Mobility – Mobility and transports, innovation and research ","https://futuramobility.org/en/home/"
"Home - The Urban Mobility Blog  ","https://urbanmobilitydaily.com/"
"Traffic and Transit  ","https://www.traffictransit.com/"
"Homepage - Connected Places Catapult ","https://cp.catapult.org.uk/"
"Rebuild By Design ","http://www.rebuildbydesign.org/"
"Architecture - e-flux  ","https://www.e-flux.com/architecture/"
"Future Architecture Platform  ","http://futurearchitectureplatform.org/"
"ArchDaily | Broadcasting Architecture Worldwide  ","https://www.archdaily.com/"
"Home - Columbia GSAPP  ","https://www.arch.columbia.edu/"
"Architizer: Architects, Buildings and Building Products ","https://architizer.com/"
"Home - Shareable  ","https://www.shareable.net/"
"Find Home Services Experts in Your Town, For Free Neighborly  ","https://www.getneighborly.com/"
"DESIGN FOR THE JUST CITY ","https://www.designforthejustcity.org/"
"Future City Incubator | Smart City Berlin  ","https://www.futurecityincubator.com/"
"Project for Public Spaces | Home ","https://www.pps.org/"
"Places Instrumental City: The View from Hudson Yards : ","https://placesjournal.org/"
"","https://thespaces.com/"
"FULL | The Future Urban Legacy Lab  ","http://urbanlegacylab.net/"
"European Capital of Smart Tourism ","https://smarttourismcapital.eu/"
"Theatrum Mundi  ","https://theatrum-mundi.org/"
"Het Nieuwe Instituut ","https://hetnieuweinstituut.nl/en"
