,title,url
0,Job opportunity: Project Co-ordinator,https://www.ucl.ac.uk/urban-lab/news/2022/apr/job-opportunity-project-co-ordinator
1,Call for Papers: Deadline 24 April 2022,https://www.ucl.ac.uk/urban-lab/news/2022/apr/call-papers-deadline-24-april-2022
2,Seeking an Urban Room Curator,https://www.ucl.ac.uk/urban-lab/news/2022/mar/seeking-urban-room-curator
3,UCL Urban Laboratory's MASc Global Urbanism open to applicants,https://www.ucl.ac.uk/urban-lab/news/2022/mar/ucl-urban-laboratorys-masc-global-urbanism-open-applicants
4,Olympic Legacy Conference: Call for Contributions,https://www.ucl.ac.uk/urban-lab/news/2022/mar/olympic-legacy-conference-call-contributions
5,Urban Walks Series,https://www.ucl.ac.uk/urban-lab/news/2022/feb/urban-walks-series-0
6,The Bartlett expands flagship Promise Scholarship to Sub-Saharan Africa,https://www.ucl.ac.uk/bartlett/news/2021/dec/bartlett-expands-flagship-promise-scholarship-sub-saharan-africa
7,UCL SSEES FRINGE Centre - call for proposals,https://www.ucl.ac.uk/urban-lab/news/2021/nov/ucl-ssees-fringe-centre-call-proposals
8,Film screening: Breathing Space,https://www.ucl.ac.uk/urban-lab/news/2021/oct/film-screening-breathing-space
9,Black Urbanisms: a new podcast series from UCL Urban Laboratory,https://www.ucl.ac.uk/bartlett/news/2021/sep/black-urbanisms-new-podcast-series-ucl-urban-laboratory
10,Urban Laboratory Open House,https://www.ucl.ac.uk/urban-lab/news/2021/sep/urban-laboratory-open-house
11,UCL Urban Laboratory joins The Bartlett,https://www.ucl.ac.uk/bartlett/news/2021/sep/ucl-urban-laboratory-joins-bartlett
12,Urban Laboratory publishes 2019 - 2020 Activities Report,https://www.ucl.ac.uk/urban-lab/news/2021/jun/urban-laboratory-publishes-2019-2020-activities-report
13,"""Thinking Like a Climate"" book launch",https://www.ucl.ac.uk/urban-lab/news/2021/may/thinking-climate-book-launch
14,"Launch of Postgrad Urbanists, invitation to participate",https://www.ucl.ac.uk/urban-lab/news/2021/may/launch-postgrad-urbanists-invitation-participate-0
15,"Policy-making workshop: COVID, culture and freelance work in London",https://www.ucl.ac.uk/urban-lab/news/2021/apr/policy-making-workshop-covid-culture-and-freelance-work-london
16,Urban Agency III: Towards a sustainable integration of disciplines in urban studies,https://www.ucl.ac.uk/urban-lab/news/2021/mar/urban-agency-iii-towards-sustainable-integration-disciplines-urban-studies
17,Trans Urbanisms: Documenting and Creating Venues for Trans and Non-Binary Communities in London,https://www.ucl.ac.uk/urban-lab/news/2021/jan/trans-urbanisms-documenting-and-creating-venues-trans-and-non-binary-communities
18,The Palestinian Museum's 2nd Annual Conference,https://www.ucl.ac.uk/urban-lab/news/2020/dec/palestinian-museums-2nd-annual-conference
19,CfP ‘Night Stories: Urban Narratives of Migrant Lives in Europe’,https://www.ucl.ac.uk/urban-lab/news/2020/oct/cfp-night-stories-urban-narratives-migrant-lives-europe
20,Call for contributions: ‘Emergency’ student roundtable,https://www.ucl.ac.uk/urban-lab/news/2020/oct/call-contributions-emergency-student-roundtable
21,Introduction to the Urban Lab for new and returning UCL students,https://www.ucl.ac.uk/urban-lab/news/2020/sep/introduction-urban-lab-new-and-returning-ucl-students
22,Emergency: introducing Urban Lab's 2020/21 annual theme,https://www.ucl.ac.uk/urban-lab/news/2020/sep/emergency-introducing-urban-labs-202021-annual-theme
23,Further additions made to Urban Laboratory Steering Committee,https://www.ucl.ac.uk/urban-lab/news/2020/aug/further-additions-made-urban-laboratory-steering-committee
24,Ben Campkin interviews London Night Czar Amy Lamé,https://www.ucl.ac.uk/urban-lab/news/2020/jul/ben-campkin-interviews-london-night-czar-amy-lame
25,Staff promotions for 2019-20 announced by UCL,https://www.ucl.ac.uk/urban-lab/news/2020/jul/staff-promotions-2019-20-announced-ucl
26,Lo Marshall selected as an 'emerging voice in architecture',https://www.ucl.ac.uk/urban-lab/news/2020/jun/lo-marshall-selected-emerging-voice-architecture
27,Waste Photo Competition - winner announced,https://www.ucl.ac.uk/urban-lab/news/2020/jun/waste-photo-competition-winner-announced
28,Pablo Sendra and Rodney Harrison join Urban Laboratory Steering Committee,https://www.ucl.ac.uk/urban-lab/news/2020/may/pablo-sendra-and-rodney-harrison-join-urban-laboratory-steering-committee
29,Groundbreakers report on community mapping workshops published,https://www.ucl.ac.uk/urban-lab/news/2020/may/groundbreakers-report-community-mapping-workshops-published
30,Planning the Unplannable: what next for the still unpublished London Plan post-Covid 19?,https://www.ucl.ac.uk/urban-lab/news/2020/may/planning-unplannable-what-next-still-unpublished-london-plan-post-covid-19
31,Website on migrant night spaces in Europe launched,https://www.ucl.ac.uk/urban-lab/news/2020/may/website-migrant-night-spaces-europe-launched
32,"Report published on LGBTQ+ spaces in Camden, 1986-present",https://www.ucl.ac.uk/urban-lab/news/2020/apr/report-published-lgbtq-spaces-camden-1986-present
33,Urban Pamphleteer #8: Skateboardings published online,https://www.ucl.ac.uk/urban-lab/news/2020/apr/urban-pamphleteer-8-skateboardings-published-online
34,UCL Urban Lab Photo Competition 2020: ‘Waste’,https://www.ucl.ac.uk/urban-lab/news/2020/apr/ucl-urban-lab-photo-competition-2020-waste
35,Life Stories from Bar Elias - video produced as part of research co-conducted by DPU's Camillo Boano,https://www.ucl.ac.uk/bartlett/development/news/2020/apr/life-stories-bar-elias-video-produced-part-research-co-conducted-dpus-camillo-boano
36,‘Stay at Home’: Housing as a pivotal infrastructure of care?,https://www.ucl.ac.uk/urban-lab/news/2020/apr/stay-home-housing-pivotal-infrastructure-care
37,Audio: Sexuality at Home,https://www.ucl.ac.uk/urban-lab/news/2020/apr/audio-sexuality-home
38,Watch: Urban Lab Films available to stream at home,https://www.ucl.ac.uk/urban-lab/news/2020/mar/watch-urban-lab-films-available-stream-home
39,Housing academics write open letter to UK government on coronavirus,https://www.ucl.ac.uk/urban-lab/news/2020/mar/housing-academics-write-open-letter-uk-government-coronavirus
40,Lo Marshall appointed as Research Fellow,https://www.ucl.ac.uk/urban-lab/news/2020/mar/lo-marshall-appointed-research-fellow
41,UCL Urban Laboratory statement on coronavirus,https://www.ucl.ac.uk/urban-lab/news/2020/mar/ucl-urban-laboratory-statement-coronavirus
42,Study on safety in London's public spaces for women and girls released,https://www.ucl.ac.uk/urban-lab/news/2020/mar/study-safety-londons-public-spaces-women-and-girls-released
43,UCL Urban Laboratory is now 100% Powered by Plants,https://www.ucl.ac.uk/urban-lab/news/2020/feb/ucl-urban-laboratory-now-100-powered-plants
44,New-builds and the climate emergency,https://www.ucl.ac.uk/urban-lab/news/2020/feb/new-builds-and-climate-emergency
45,Circulations of Zero Waste: Policy and planning ideas across London and Paris,https://www.ucl.ac.uk/urban-lab/news/2020/feb/circulations-zero-waste-policy-and-planning-ideas-across-london-and-paris
46,Waste: eight interdisciplinary projects funded in latest call,https://www.ucl.ac.uk/urban-lab/news/2020/feb/waste-eight-interdisciplinary-projects-funded-latest-call
47,Ellie Cosgrave awarded Performing Place project funding,https://www.ucl.ac.uk/urban-lab/news/2020/jan/ellie-cosgrave-awarded-performing-place-project-funding
48,Highlights from Urban Laboratory activities in 2019 featured in The Bartlett Review,https://www.ucl.ac.uk/urban-lab/news/2020/jan/highlights-urban-laboratory-activities-2019-featured-bartlett-review
49,Opportunity: Postdoctoral Research Associate,https://www.ucl.ac.uk/urban-lab/news/2020/jan/opportunity-postdoctoral-research-associate
50,Evaluating the impact of university development on urban areas and heritage,https://www.ucl.ac.uk/urban-lab/news/2019/dec/evaluating-impact-university-development-urban-areas-and-heritage
51,Call for Proposals - Night Scenes roundtable,https://www.ucl.ac.uk/urban-lab/news/2019/dec/call-proposals-night-scenes-roundtable
52,Caribbean School of Architecture urban study visit to London,https://www.ucl.ac.uk/urban-lab/news/2019/dec/caribbean-school-architecture-urban-study-visit-london
53,Italy and the United Kingdom: Exchanges and Transcultural Influences in Postwar Architecture,https://www.ucl.ac.uk/urban-lab/news/2019/nov/italy-and-united-kingdom-exchanges-and-transcultural-influences-postwar-architecture
54,Centre for Critical Heritage Studies symposium: Current discourses and challenges,https://www.ucl.ac.uk/urban-lab/news/2019/nov/centre-critical-heritage-studies-symposium-current-discourses-and-challenges
55,University of Toronto hosts international gathering of urban institutes,https://www.ucl.ac.uk/urban-lab/news/2019/oct/university-toronto-hosts-international-gathering-urban-institutes
56,"Applications open for ESRC doctoral funding on Urban Studies, Transport, Architectural Space pathway",https://www.ucl.ac.uk/urban-lab/news/2019/oct/applications-open-esrc-doctoral-funding-urban-studies-transport-architectural-space
57,Clare Melhuish to present Urban Laboratory work at Unifesp in São Paulo,https://www.ucl.ac.uk/urban-lab/news/2019/oct/clare-melhuish-present-urban-laboratory-work-unifesp-sao-paulo
58,Call for 'Waste' Event Proposals - January deadline,https://www.ucl.ac.uk/urban-lab/news/2019/oct/call-waste-event-proposals-january-deadline
59,Waste: two interdisciplinary projects funded in events call,https://www.ucl.ac.uk/urban-lab/news/2019/oct/waste-two-interdisciplinary-projects-funded-events-call
60,IAS Junior Research Fellowship 2019-20,https://www.ucl.ac.uk/urban-lab/news/2019/aug/ias-junior-research-fellowship-2019-20
61,Urban Verticality Photo Competition - winner announced,https://www.ucl.ac.uk/urban-lab/news/2019/aug/urban-verticality-photo-competition-winner-announced
62,Urban Laboratory publishes 2015 - 2018 Activities Report,https://www.ucl.ac.uk/urban-lab/news/2019/aug/urban-laboratory-publishes-2015-2018-activities-report
63,Call for 'Waste' Event Proposals - September deadline,https://www.ucl.ac.uk/urban-lab/news/2019/aug/call-waste-event-proposals-september-deadline
64,Playwright Nicola Baldwin appointed UCL Creative Fellow,https://www.ucl.ac.uk/urban-lab/news/2019/jul/playwright-nicola-baldwin-appointed-ucl-creative-fellow
65,Staff promotions for 2018–19 announced by UCL,https://www.ucl.ac.uk/urban-lab/news/2019/jul/staff-promotions-2018-19-announced-ucl
66,Call for Event Proposals connected to our 2019-20 annual theme 'Waste',https://www.ucl.ac.uk/urban-lab/news/2019/jun/call-event-proposals-connected-our-2019-20-annual-theme-waste
67,Call for Papers - At the frontiers of the urban: thinking concepts and practices globally,https://www.ucl.ac.uk/urban-lab/news/2019/jun/call-papers-frontiers-urban-thinking-concepts-and-practices-globally
68,UCL Urban Lab Photo Competition 2019: ‘Urban Verticality’,https://www.ucl.ac.uk/urban-lab/news/2019/jun/ucl-urban-lab-photo-competition-2019-urban-verticality
69,Collaborative research theme launched with UCL Institute of Advanced Studies: Waste,https://www.ucl.ac.uk/urban-lab/news/2019/jun/collaborative-research-theme-launched-ucl-institute-advanced-studies-waste
70,Artwork by Urban Lab researcher permanently installed in UCL's Student Centre,https://www.ucl.ac.uk/urban-lab/news/2019/may/artwork-urban-lab-researcher-permanently-installed-ucls-student-centre
71,The DPU summerLab team is delighted to announce the launch of the programme for 2019,https://www.ucl.ac.uk/bartlett/development/news/2019/may/dpu-summerlab-team-delighted-announce-launch-programme-2019
72,New partnership with Camden Council to research local LGBTQ+ Spaces and Communities,https://www.ucl.ac.uk/urban-lab/news/2019/apr/new-partnership-camden-council-research-local-lgbtq-spaces-and-communities
73,Urban Laboratory research contributes to Whitechapel Gallery exhibition on London’s LGBTQ+ venues,https://www.ucl.ac.uk/urban-lab/news/2019/apr/urban-laboratory-research-contributes-whitechapel-gallery-exhibition-londons-lgbtq
74,"Urban sound, performance and transnational identities - Call for Participants",https://www.ucl.ac.uk/urban-lab/news/2019/feb/urban-sound-performance-and-transnational-identities-call-participants
75,"City, Essay, Film - Call for Contributions",https://www.ucl.ac.uk/urban-lab/news/2019/feb/city-essay-film-call-contributions
76,Call for Papers: Historical Perspectives on Urban Infrastructures,https://www.ucl.ac.uk/urban-lab/news/2019/feb/call-papers-historical-perspectives-urban-infrastructures
77,"THE CAMP: Conversations around the making and un-making of bodies, space and time",https://www.ucl.ac.uk/urban-lab/news/2019/jan/camp-conversations-around-making-and-un-making-bodies-space-and-time
78,Research Culture at UCL: Bartlett and UCL Urban Laboratory focus group,https://www.ucl.ac.uk/urban-lab/news/2019/jan/research-culture-ucl-bartlett-and-ucl-urban-laboratory-focus-group
79,'Power to the Citizen!' manifesto launched,https://www.ucl.ac.uk/urban-lab/news/2018/dec/power-citizen-manifesto-launched
80,"Applications open for ESRC doctoral funding on Urban Studies, Transport Architectural Space pathway",https://www.ucl.ac.uk/urban-lab/news/2018/oct/applications-open-esrc-doctoral-funding-urban-studies-transport-architectural-space
81,Counterspeculations audiotour of the City of London launched,https://www.ucl.ac.uk/urban-lab/news/2018/oct/counterspeculations-audiotour-city-london-launched
82,Call for Papers: The Idea of the Public in Asia,https://www.ucl.ac.uk/urban-lab/news/2018/oct/call-papers-idea-public-asia
83,Histories of Global London - two new Urban Lab elective modules for UCL postgraduates,https://www.ucl.ac.uk/urban-lab/news/2018/sep/histories-global-london-two-new-urban-lab-elective-modules-ucl-postgraduates
84,Urban Laboratory Lecture Series Autumn 2018,https://www.ucl.ac.uk/urban-lab/news/2018/sep/urban-laboratory-lecture-series-autumn-2018
85,MSc Urban Studies students review Richard Florida's 'The New Urban Crisis',https://www.ucl.ac.uk/urban-lab/news/2018/sep/msc-urban-studies-students-review-richard-floridas-new-urban-crisis
86,Unmoored Cities: what speculative futures exist for cities in the face of climate change?,https://www.ucl.ac.uk/urban-lab/news/2018/aug/unmoored-cities-what-speculative-futures-exist-cities-face-climate-change
87,Ben Campkin appointed Professor in latest UCL staff promotions,https://www.ucl.ac.uk/urban-lab/news/2018/jul/ben-campkin-appointed-professor-latest-ucl-staff-promotions
88,"Urban Pamphleteer #7, LGBTQ+ Night-time Spaces: Past, Present + Future published online and in print",https://www.ucl.ac.uk/urban-lab/news/2018/jul/urban-pamphleteer-7-lgbtq-night-time-spaces-past-present-future-published-online-and
89,UCL Urban Laboratory launches survey on future research and activities,https://www.ucl.ac.uk/urban-lab/news/2018/jul/ucl-urban-laboratory-launches-survey-future-research-and-activities
90,Urban Laboratory research contributes to UCL placing on Stonewall's Top 100 employers list,https://www.ucl.ac.uk/urban-lab/news/2018/jul/urban-laboratory-research-contributes-ucl-placing-stonewalls-top-100-employers-list
91,Dr Ben Campkin contributes to Urban Omnibus series on queer spaces and activism,https://www.ucl.ac.uk/urban-lab/news/2018/jul/dr-ben-campkin-contributes-urban-omnibus-series-queer-spaces-and-activism
92,Dr Claire Colomb appointed as Academic Director (Paris) for UCL Cities partnerships Programme,https://www.ucl.ac.uk/urban-lab/news/2018/jun/dr-claire-colomb-appointed-academic-director-paris-ucl-cities-partnerships-programme
93,UCL researchers invited to apply for a Centre for Critical Heritage Small Grant,https://www.ucl.ac.uk/urban-lab/news/2018/jun/ucl-researchers-invited-apply-centre-critical-heritage-small-grant
94,Historian and broadcaster David Olusoga delivers 2018 Cities Imaginaries lecture,https://www.ucl.ac.uk/urban-lab/news/2018/may/historian-and-broadcaster-david-olusoga-delivers-2018-cities-imaginaries-lecture
95,Urban Rooms: Past - Present - Future exhibition on display until 18 May 2018,https://www.ucl.ac.uk/urban-lab/news/2018/may/urban-rooms-past-present-future-exhibition-display-until-18-may-2018
96,UCL appoints Dr Clare Melhuish as new Director of Urban Laboratory,https://www.ucl.ac.uk/urban-lab/news/2018/apr/ucl-appoints-dr-clare-melhuish-new-director-urban-laboratory
97,Hoe Street Community Bank opens in Walthamstow,https://www.ucl.ac.uk/urban-lab/news/2018/mar/hoe-street-community-bank-opens-walthamstow
98,Highlights from Urban Laboratory activities in 2017 featured in The Bartlett Review,https://www.ucl.ac.uk/urban-lab/news/2018/jan/highlights-urban-laboratory-activities-2017-featured-bartlett-review
99,Outlining the global fault lines of the 'slum' narrative,https://www.ucl.ac.uk/urban-lab/news/2018/jan/outlining-global-fault-lines-slum-narrative
100,"Call for papers: Cross-disciplinary conversations on sexualities, queerness and space",https://www.ucl.ac.uk/urban-lab/news/2018/jan/call-papers-cross-disciplinary-conversations-sexualities-queerness-and-space
101,Reorienting the Euro-centric bias in planning and urban studies,https://www.ucl.ac.uk/urban-lab/news/2017/nov/reorienting-euro-centric-bias-planning-and-urban-studies
102,Re-engaging with the histories of place: a report on the EDGE: Border symposium in Folkestone,https://www.ucl.ac.uk/urban-lab/news/2017/nov/re-engaging-histories-place-report-edge-border-symposium-folkestone
103,Call for Papers: Making Southern Urban Policies,https://www.ucl.ac.uk/urban-lab/news/2017/nov/call-papers-making-southern-urban-policies
104,"Doctoral funding available on the Urban Studies, Transport and Architectural Space ESRC DTP pathway",https://www.ucl.ac.uk/urban-lab/news/2017/nov/doctoral-funding-available-urban-studies-transport-and-architectural-space-esrc-dtp
105,Why is Lavani dance experiencing an urban revival in India?,https://www.ucl.ac.uk/urban-lab/news/2017/oct/why-lavani-dance-experiencing-urban-revival-india
106,Line-up announced for Situating Architecture lecture series,https://www.ucl.ac.uk/urban-lab/news/2017/sep/line-announced-situating-architecture-lecture-series
107,Introduction to the Urban Lab for new and returning UCL students,https://www.ucl.ac.uk/urban-lab/news/2017/sep/introduction-urban-lab-new-and-returning-ucl-students
108,"Programmes released for Edge - Situated Practice in Art, Architecture and Urbanism",https://www.ucl.ac.uk/urban-lab/news/2017/aug/programmes-released-edge-situated-practice-art-architecture-and-urbanism
109,"London LGBTQ+ venues have more than halved in past decade, Urban Lab report shows",https://www.ucl.ac.uk/urban-lab/news/2017/jul/london-lgbtq-venues-have-more-halved-past-decade-urban-lab-report-shows
110,"Edge - Situated Practice in Art, Architecture and Urbanism",https://www.ucl.ac.uk/urban-lab/news/2017/jul/edge-situated-practice-art-architecture-and-urbanism
111,Staff promotions announced by UCL,https://www.ucl.ac.uk/urban-lab/news/2017/jun/staff-promotions-announced-ucl
112,Urban Lab Films partner for the Architecture Film Festival London,https://www.ucl.ac.uk/urban-lab/news/2017/may/urban-lab-films-partner-architecture-film-festival-london
113,DPU SummerLab 2017: apply by 3 July for this year's global courses,https://www.ucl.ac.uk/urban-lab/news/2017/may/dpu-summerlab-2017-apply-3-july-years-global-courses
114,CfP: Genocide Memorialisation: Political Imaginaries and Public Materialities,https://www.ucl.ac.uk/urban-lab/news/2017/may/cfp-genocide-memorialisation-political-imaginaries-and-public-materialities
115,Engaged Urbanism in LSE Review of Books,https://www.ucl.ac.uk/urban-lab/news/2017/apr/engaged-urbanism-lse-review-books
116,Professor Matthew Beaumont contributes to Art Night book 'Expanding the City's Boundaries',https://www.ucl.ac.uk/urban-lab/news/2017/apr/professor-matthew-beaumont-contributes-art-night-book-expanding-citys-boundaries
117,New book on London's housing histories published,https://www.ucl.ac.uk/urban-lab/news/2017/apr/new-book-londons-housing-histories-published
118,New publication celebrates Brutalist architecture in Paris,https://www.ucl.ac.uk/urban-lab/news/2017/mar/new-publication-celebrates-brutalist-architecture-paris
119,Call for Papers: Urbanization Processes and Natural Morphologies,https://www.ucl.ac.uk/urban-lab/news/2017/feb/call-papers-urbanization-processes-and-natural-morphologies
120,Urban Laboratory projects featured in The Bartlett Review,https://www.ucl.ac.uk/urban-lab/news/2017/feb/urban-laboratory-projects-featured-bartlett-review
121,Urban Laboratory launches UCL SITE: Students in the east research project,https://www.ucl.ac.uk/urban-lab/news/2017/feb/urban-laboratory-launches-ucl-site-students-east-research-project
122,Call for Papers - Towards a Global Urban Geopolitics,https://www.ucl.ac.uk/urban-lab/news/2017/feb/call-papers-towards-global-urban-geopolitics
123,New book explores the ethics and philosophy of urban design,https://www.ucl.ac.uk/urban-lab/news/2017/jan/new-book-explores-ethics-and-philosophy-urban-design
124,Curating the City research cluster runs first workshop in new Centre for Critical Heritage Studies,https://www.ucl.ac.uk/urban-lab/news/2016/dec/curating-city-research-cluster-runs-first-workshop-new-centre-critical-heritage
125,Engaged Urbanism: Cities and Methodologies is out now!,https://www.ucl.ac.uk/urban-lab/news/2016/dec/engaged-urbanism-cities-and-methodologies-out-now
126,Call for UCL students to support research project on UCL developments in East London,https://www.ucl.ac.uk/urban-lab/news/2016/dec/call-ucl-students-support-research-project-ucl-developments-east-london
127,"Urban Studies, Transport and Architectural Space ESRC DTP pathway",https://www.ucl.ac.uk/urban-lab/news/2016/nov/urban-studies-transport-and-architectural-space-esrc-dtp-pathway
128,Call for UCL students to lead research project on UCL developments in East London,https://www.ucl.ac.uk/urban-lab/news/2016/nov/call-ucl-students-lead-research-project-ucl-developments-east-london
129,Clare Melhuish co-authored paper named Best Published Paper in City & Society,https://www.ucl.ac.uk/urban-lab/news/2016/nov/clare-melhuish-co-authored-paper-named-best-published-paper-city-society
130,Urban Pamphleteer #6: Open-source Housing Crisis launched on new series website,https://www.ucl.ac.uk/urban-lab/news/2016/nov/urban-pamphleteer-6-open-source-housing-crisis-launched-new-series-website
131,UCL Urban Laboratory release new edited anthology Engaged Urbanism: Cities and Methodologies,https://www.ucl.ac.uk/urban-lab/news/2016/nov/ucl-urban-laboratory-release-new-edited-anthology-engaged-urbanism-cities-and
132,Urban Lab research evidences impact of LGBTQI nightlife venue closures on London's communities,https://www.ucl.ac.uk/urban-lab/news/2016/nov/urban-lab-research-evidences-impact-lgbtqi-nightlife-venue-closures-londons
133,ASF-UK publish Cape Town regeneration through participatory design report with Urban Lab and DPU,https://www.ucl.ac.uk/urban-lab/news/2016/oct/asf-uk-publish-cape-town-regeneration-through-participatory-design-report-urban-lab
134,Laura Marshall writes about Peckham Festival LGBTQI nightlife workshop for the UCL Events blog,https://www.ucl.ac.uk/urban-lab/news/2016/sep/laura-marshall-writes-about-peckham-festival-lgbtqi-nightlife-workshop-ucl-events-blog
135,Rodrigo Firmino writes on his experience as an Urban Lab visiting researcher on Medium,https://www.ucl.ac.uk/urban-lab/news/2016/sep/rodrigo-firmino-writes-his-experience-urban-lab-visiting-researcher-medium
136,Urban Lab partners with Resolve for the London Design Festival 2016,https://www.ucl.ac.uk/urban-lab/news/2016/sep/urban-lab-partners-resolve-london-design-festival-2016
137,Equal by Design available to watch online,https://www.ucl.ac.uk/urban-lab/news/2016/aug/equal-design-available-watch-online
138,Call for textual contributions on London's regeneration for use in a collaborative performance,https://www.ucl.ac.uk/urban-lab/news/2016/jun/call-textual-contributions-londons-regeneration-use-collaborative-performance
139,LGBTQI Nightlife in London research project launched with Queer Spaces London,https://www.ucl.ac.uk/urban-lab/news/2016/may/lgbtqi-nightlife-london-research-project-launched-queer-spaces-london
140,Rodrigo Firmino writes on the tyranny of the educated in smart cities for LA+ Journal,https://www.ucl.ac.uk/urban-lab/news/2016/may/rodrigo-firmino-writes-tyranny-educated-smart-cities-la-journal
141,Website for Turning Tables at La Biennale di Venezia launched,https://www.ucl.ac.uk/urban-lab/news/2016/may/website-turning-tables-la-biennale-di-venezia-launched
142,Centre for Critical Heritage Studies to launch at UCL in partnership with University of Gothenburg,https://www.ucl.ac.uk/urban-lab/news/2016/may/centre-critical-heritage-studies-launch-ucl-partnership-university-gothenburg
143,Venturing Beyond exhibition at Somerset House closes this weekend,https://www.ucl.ac.uk/urban-lab/news/2016/apr/venturing-beyond-exhibition-somerset-house-closes-weekend
144,Michael Edwards publishes papers on London's housing crisis,https://www.ucl.ac.uk/urban-lab/news/2016/apr/michael-edwards-publishes-papers-londons-housing-crisis
145,Matthew Beaumont features in BBC Radio 4 programme on the city at night,https://www.ucl.ac.uk/urban-lab/news/2016/apr/matthew-beaumont-features-bbc-radio-4-programme-city-night
146,SPACE magazine publishes Urban Laboratory research in April 2016 issue,https://www.ucl.ac.uk/urban-lab/news/2016/apr/space-magazine-publishes-urban-laboratory-research-april-2016-issue
147,DPU summerLab 2016 applications open and 2015 publication available,https://www.ucl.ac.uk/urban-lab/news/2016/apr/dpu-summerlab-2016-applications-open-and-2015-publication-available
148,Clare Melhuish to present Urban Laboratory university regeneration research at AAG 2016,https://www.ucl.ac.uk/urban-lab/news/2016/mar/clare-melhuish-present-urban-laboratory-university-regeneration-research-aag-2016
149,"Call for Papers and Participants: Global Urbanisms, Regional Specificities",https://www.ucl.ac.uk/urban-lab/news/2016/mar/call-papers-and-participants-global-urbanisms-regional-specificities
150,Call for Papers: Cities After Hours II,https://www.ucl.ac.uk/urban-lab/news/2016/mar/call-papers-cities-after-hours-ii
151,Urban Lab to curate Venturing Beyond cultural programme at Somerset House,https://www.ucl.ac.uk/urban-lab/news/2016/feb/urban-lab-curate-venturing-beyond-cultural-programme-somerset-house
152,UCL Urban Lab publishes limited print edition of 'Case Studies in University-led Urban Regeneration',https://www.ucl.ac.uk/urban-lab/news/2016/jan/ucl-urban-lab-publishes-limited-print-edition-case-studies-university-led-urban
153,Opportunities for PhD funding on the interdisciplinary MSc Urban Studies programme at UCL,https://www.ucl.ac.uk/urban-lab/news/2015/dec/opportunities-phd-funding-interdisciplinary-msc-urban-studies-programme-ucl
154,Call for Papers - Soho Spirit: Our Space or a Space in Our Minds?,https://www.ucl.ac.uk/urban-lab/news/2015/dec/call-papers-soho-spirit-our-space-or-space-our-minds
155,Ben Campkin wins Jane Jacobs Book Award,https://www.ucl.ac.uk/urban-lab/news/2015/nov/ben-campkin-wins-jane-jacobs-book-award
156,"Watching Jeremy, Watching Me, Watching Jeremy",https://www.ucl.ac.uk/urban-lab/news/2015/oct/watching-jeremy-watching-me-watching-jeremy
157,UCL Grand Challenges 2034 Grants,https://www.ucl.ac.uk/urban-lab/news/2015/oct/ucl-grand-challenges-2034-grants
158,UCL East cross-disciplinary student research group: call for participants,https://www.ucl.ac.uk/urban-lab/news/2015/oct/ucl-east-cross-disciplinary-student-research-group-call-participants
159,Call for Papers - The Architecture of Capital: Rethinking the Geographies of Design ...,https://www.ucl.ac.uk/urban-lab/news/2015/oct/call-papers-architecture-capital-rethinking-geographies-design
160,UCL Urban Laboratory launches university-led urban regeneration case studies,https://www.ucl.ac.uk/urban-lab/news/2015/sep/ucl-urban-laboratory-launches-university-led-urban-regeneration-case-studies
161,Dr Rodrigo Firmino to investigate surveillance and security in cities,https://www.ucl.ac.uk/urban-lab/news/2015/sep/dr-rodrigo-firmino-investigate-surveillance-and-security-cities
162,Urban Laboratory launches Urban Pamphleteer #5: Global Education for Urban Futures,https://www.ucl.ac.uk/urban-lab/news/2015/sep/urban-laboratory-launches-urban-pamphleteer-5-global-education-urban-futures
163,Visiting researcher to the Urban Lab to focus on artists exploring the remnants of industrialisation,https://www.ucl.ac.uk/urban-lab/news/2015/sep/visiting-researcher-urban-lab-focus-artists-exploring-remnants-industrialisation
164,Virtual Control exhibition at RIBA extended until Sunday 27 September,https://www.ucl.ac.uk/urban-lab/news/2015/jul/virtual-control-exhibition-riba-extended-until-sunday-27-september
165,UCL Urban Laboratory presents exhibition at RIBA on privatised public space this summer,https://www.ucl.ac.uk/urban-lab/news/2015/jul/ucl-urban-laboratory-presents-exhibition-riba-privatised-public-space-summer
166,Registration open for Urban Lab+ London Symposium on urban education,https://www.ucl.ac.uk/urban-lab/news/2015/jul/registration-open-urban-lab-london-symposium-urban-education
167,Cities After Hours: the shift from the diurnal to the nocturnal city,https://www.ucl.ac.uk/urban-lab/news/2015/jun/cities-after-hours-shift-diurnal-nocturnal-city
168,Urban Lab Artists-in-Residence display work as part of UCL Festival of the Arts,https://www.ucl.ac.uk/urban-lab/news/2015/may/urban-lab-artists-residence-display-work-part-ucl-festival-arts
169,DPU summerLabs 2015 applications open,https://www.ucl.ac.uk/urban-lab/news/2015/apr/dpu-summerlabs-2015-applications-open
170,New website documents Ernö Goldfinger's Balfron Tower,https://www.ucl.ac.uk/urban-lab/news/2015/apr/new-website-documents-erno-goldfingers-balfron-tower
171,Urban Lab awarded Leverhulme funding for artist-in-residence to research the Shard,https://www.ucl.ac.uk/urban-lab/news/2015/apr/urban-lab-awarded-leverhulme-funding-artist-residence-research-shard
172,Call for papers: 'Placing' culture in urban China: Towards an interdisciplinary dialogue,https://www.ucl.ac.uk/urban-lab/news/2015/apr/call-papers-placing-culture-urban-china-towards-interdisciplinary-dialogue
173,Interim research findings: university spatial development and urban regeneration,https://www.ucl.ac.uk/urban-lab/news/2015/mar/interim-research-findings-university-spatial-development-and-urban-regeneration
174,Urban Pamphleteer is 'Magazine of the Week' on MagCulture,https://www.ucl.ac.uk/urban-lab/news/2015/mar/urban-pamphleteer-magazine-week-magculture
175,Matthew Gandy wins 2014 Meridian Book Award for 'innovative' The Fabric of Space,https://www.ucl.ac.uk/urban-lab/news/2015/mar/matthew-gandy-wins-2014-meridian-book-award-innovative-fabric-space
176,Call for Contributions: Urban Pamphleteer #5 Global Education for Urban Futures,https://www.ucl.ac.uk/urban-lab/news/2015/mar/call-contributions-urban-pamphleteer-5-global-education-urban-futures
177,Call for Contributions: Urban Pamphleteer #5 Global Education for Urban Futures,https://www.ucl.ac.uk/urban-lab/news/2015/mar/call-contributions-urban-pamphleteer-5-global-education-urban-futures-0
178,DPU summerLab 2014 pamphlet now available,https://www.ucl.ac.uk/urban-lab/news/2015/feb/dpu-summerlab-2014-pamphlet-now-available
179,Call for Papers: Urban Lab+ London Symposium 2015,https://www.ucl.ac.uk/urban-lab/news/2015/feb/call-papers-urban-lab-london-symposium-2015
180,Call for Papers: Urban Lab+ London Symposium 2015,https://www.ucl.ac.uk/urban-lab/news/2015/feb/call-papers-urban-lab-london-symposium-2015-0
181,Call for Proposals: Open Source Housing crisis,https://www.ucl.ac.uk/urban-lab/news/2015/feb/call-proposals-open-source-housing-crisis
182,Contribute to the new project 'London is Changing',https://www.ucl.ac.uk/urban-lab/news/2015/jan/contribute-new-project-london-changing
183,Urban Lab partners with Somerset House and A(by)P for 'Mapping the City' exhibition,https://www.ucl.ac.uk/urban-lab/news/2015/jan/urban-lab-partners-somerset-house-and-abyp-mapping-city-exhibition
184,How Ruth Glass shaped the way we approach our cities,https://www.ucl.ac.uk/urban-lab/news/2015/jan/how-ruth-glass-shaped-way-we-approach-our-cities
185,Is urban graffiti a force for good or evil?,https://www.ucl.ac.uk/urban-lab/news/2015/jan/urban-graffiti-force-good-or-evil
186,New research blog launched by Urban Lab Artist-in-Residence,https://www.ucl.ac.uk/urban-lab/news/2015/jan/new-research-blog-launched-urban-lab-artist-residence
187,UCL Urban Laboratory Activities Report 2012-14,https://www.ucl.ac.uk/urban-lab/news/2014/dec/ucl-urban-laboratory-activities-report-2012-14
188,Discussing the legacy of urban theorist Bernardo Secchi,https://www.ucl.ac.uk/urban-lab/news/2014/dec/discussing-legacy-urban-theorist-bernardo-secchi
189,No regrets for police officer 'graffiti artists love to hate',https://www.ucl.ac.uk/urban-lab/news/2014/dec/no-regrets-police-officer-graffiti-artists-love-hate
190,Why Mumbai should get over its obsession with cars,https://www.ucl.ac.uk/urban-lab/news/2014/dec/why-mumbai-should-get-over-its-obsession-cars
191,Matthew Gandy's 'The Fabric of Space' published by MIT Press,https://www.ucl.ac.uk/urban-lab/news/2014/dec/matthew-gandys-fabric-space-published-mit-press
192,Clare Melhuish runs workshop at Engage 2014 conference,https://www.ucl.ac.uk/urban-lab/news/2014/dec/clare-melhuish-runs-workshop-engage-2014-conference
193,How images shape our cities: UCL Urban Laboratory launches Picturing Place with Guardian Cities,https://www.ucl.ac.uk/urban-lab/news/2014/dec/how-images-shape-our-cities-ucl-urban-laboratory-launches-picturing-place-guardian
194,Graffiti Sessions launches this December,https://www.ucl.ac.uk/urban-lab/news/2014/nov/graffiti-sessions-launches-december
195,Urban Pamphleteer #4: Doha Launch,https://www.ucl.ac.uk/urban-lab/news/2014/nov/urban-pamphleteer-4-doha-launch
196,Urban Pamphleteer #3: Design & Trust now available,https://www.ucl.ac.uk/urban-lab/news/2014/nov/urban-pamphleteer-3-design-trust-now-available
197,Amit Chaudhuri to mark launch of Cities Imaginaries with lecture on 'The New Provinces',https://www.ucl.ac.uk/urban-lab/news/2014/oct/amit-chaudhuri-mark-launch-cities-imaginaries-lecture-new-provinces
198,Cities Methodologies 2014,https://www.ucl.ac.uk/urban-lab/news/2014/oct/cities-methodologies-2014
199,Contributors announced for Cities Methodologies in October 2014,https://www.ucl.ac.uk/urban-lab/news/2014/aug/contributors-announced-cities-methodologies-october-2014
200,Urban Lab awarded Leverhulme funding for artist-in-residence to explore 'hidden security',https://www.ucl.ac.uk/urban-lab/news/2014/jul/urban-lab-awarded-leverhulme-funding-artist-residence-explore-hidden-security
201,Cities Methodologies Spring 2014: Buildings on Fire - towards a new approach to urban memory,https://www.ucl.ac.uk/urban-lab/news/2014/jun/cities-methodologies-spring-2014-buildings-fire-towards-new-approach-urban-memory
202,Audio from Cities Methodologies Spring 2014: Learning to Walk roundtable,https://www.ucl.ac.uk/urban-lab/news/2014/may/audio-cities-methodologies-spring-2014-learning-walk-roundtable
203,Beacon Bursary awarded to UCL Urban Laboratory,https://www.ucl.ac.uk/urban-lab/news/2014/may/beacon-bursary-awarded-ucl-urban-laboratory
204,The Acoustic City,https://www.ucl.ac.uk/urban-lab/news/2014/may/acoustic-city
205,Cities Methodologies 2014: Call for Proposals,https://www.ucl.ac.uk/urban-lab/news/2014/may/cities-methodologies-2014-call-proposals
206,Cities Methodologies Spring 2014 open 28 April - 2 May,https://www.ucl.ac.uk/urban-lab/news/2014/apr/cities-methodologies-spring-2014-open-28-april-2-may
207,Urban Lab representation at the 7th World Urban Forum,https://www.ucl.ac.uk/urban-lab/news/2014/apr/urban-lab-representation-7th-world-urban-forum
208,Audio from 'Derek Jarman: Sites and Spaces' study day available,https://www.ucl.ac.uk/urban-lab/news/2014/apr/audio-derek-jarman-sites-and-spaces-study-day-available
209,Urban Laboratory academics feature in BBC programme 'The Country Formerly Known as London',https://www.ucl.ac.uk/urban-lab/news/2014/mar/urban-laboratory-academics-feature-bbc-programme-country-formerly-known-london
210,Ben Campkin on Derek Jarman's King's Cross in 3:AM Magazine,https://www.ucl.ac.uk/urban-lab/news/2014/mar/ben-campkin-derek-jarmans-kings-cross-3am-magazine
211,Cities Methodologies Spring 2014,https://www.ucl.ac.uk/urban-lab/news/2014/mar/cities-methodologies-spring-2014
212,Matthew Gandy lectures on 'Periodicities and metabolisms' at Harvard,https://www.ucl.ac.uk/urban-lab/news/2014/feb/matthew-gandy-lectures-periodicities-and-metabolisms-harvard
213,New publication available from the Development Planning Unit/ACHR Junior Professionals Programme,https://www.ucl.ac.uk/urban-lab/news/2014/feb/new-publication-available-development-planning-unitachr-junior-professionals-programme
214,Professor Oren Yiftachel delivers lecture on Gray Space and the New Urban Regime,https://www.ucl.ac.uk/urban-lab/news/2014/feb/professor-oren-yiftachel-delivers-lecture-gray-space-and-new-urban-regime
215,Urban Pamphleteer #3: Design and Trust Call for Contributions,https://www.ucl.ac.uk/urban-lab/news/2014/jan/urban-pamphleteer-3-design-and-trust-call-contributions
216,New 'Change by Design' report now available,https://www.ucl.ac.uk/urban-lab/news/2014/jan/new-change-design-report-now-available
217,dpu summerLab 2013 pamphlet now available,https://www.ucl.ac.uk/urban-lab/news/2014/jan/dpu-summerlab-2013-pamphlet-now-available
218,Urban Laboratory launches Urban Pamphleteer #2: Regeneration Realities,https://www.ucl.ac.uk/urban-lab/news/2013/dec/urban-laboratory-launches-urban-pamphleteer-2-regeneration-realities
219,Future City: Doha,https://www.ucl.ac.uk/urban-lab/news/2013/dec/future-city-doha
220,Pushpa Arabindoo invited to speak at the Moscow Urban Forum,https://www.ucl.ac.uk/urban-lab/news/2013/dec/pushpa-arabindoo-invited-speak-moscow-urban-forum
221,Matthew Gandy gives keynote lecture at Oxford University,https://www.ucl.ac.uk/urban-lab/news/2013/oct/matthew-gandy-gives-keynote-lecture-oxford-university
222,Clare Melhuish awarded Perry Chapman Prize,https://www.ucl.ac.uk/urban-lab/news/2013/oct/clare-melhuish-awarded-perry-chapman-prize
223,"Matthew Gandy interviews Ash Amin for South African journal, Cityscapes",https://www.ucl.ac.uk/urban-lab/news/2013/oct/matthew-gandy-interviews-ash-amin-south-african-journal-cityscapes
224,Rethinking Urban Nature: European Research Council awards grant for new Urban Lab research programme,https://www.ucl.ac.uk/urban-lab/news/2013/aug/rethinking-urban-nature-european-research-council-awards-grant-new-urban-lab-research
225,UCL Urban Laboratory participating in International Research on Art and City network,https://www.ucl.ac.uk/urban-lab/news/2013/aug/ucl-urban-laboratory-participating-international-research-art-and-city-network
226,Future Universities podcasts now available,https://www.ucl.ac.uk/urban-lab/news/2013/jul/future-universities-podcasts-now-available
227,Urban Lab appoints Dr Clare Melhuish as Research Associate,https://www.ucl.ac.uk/urban-lab/news/2013/jul/urban-lab-appoints-dr-clare-melhuish-research-associate
228,Urban Lab awarded Leverhulme funding for artist-in-residence to work on Balfron Tower project,https://www.ucl.ac.uk/urban-lab/news/2013/jul/urban-lab-awarded-leverhulme-funding-artist-residence-work-balfron-tower-project
229,UCL Urban Laboratory Annual Report 2011- 2012,https://www.ucl.ac.uk/urban-lab/news/2013/jul/ucl-urban-laboratory-annual-report-2011-2012
230,Louis Moreno introduces Professor David Harvey lecture at Central Saint Martins,https://www.ucl.ac.uk/urban-lab/news/2013/jun/louis-moreno-introduces-professor-david-harvey-lecture-central-saint-martins
231,Apps and urban space: call for interviewees,https://www.ucl.ac.uk/urban-lab/news/2013/may/apps-and-urban-space-call-interviewees
232,DPU launches dpusummerLab 2013,https://www.ucl.ac.uk/urban-lab/news/2013/may/dpu-launches-dpusummerlab-2013
233,Pushpa Arabindoo invited to speak at 'The New Asian Middle Class' conference,https://www.ucl.ac.uk/urban-lab/news/2013/apr/pushpa-arabindoo-invited-speak-new-asian-middle-class-conference
234,Urban Laboratory launches Urban Pamphleteer,https://www.ucl.ac.uk/urban-lab/news/2013/apr/urban-laboratory-launches-urban-pamphleteer
235,UCL to consider alternatives to Carpenters Estate for new 'university quarter',https://www.ucl.ac.uk/urban-lab/news/2013/apr/ucl-consider-alternatives-carpenters-estate-new-university-quarter
236,Margit Mayer paper in CITY journal,https://www.ucl.ac.uk/urban-lab/news/2013/mar/margit-mayer-paper-city-journal
237,DPU summerLab 2012 series pamphlets launched ,https://www.ucl.ac.uk/urban-lab/news/2013/mar/dpu-summerlab-2012-series-pamphlets-launched
238,Development Planning Unit: Junior Professionals Programme launched,https://www.ucl.ac.uk/urban-lab/news/2013/jan/development-planning-unit-junior-professionals-programme-launched
239,International interdisciplinary 'Sexuality at Home' event held at the Bartlett,https://www.ucl.ac.uk/urban-lab/news/2013/jan/international-interdisciplinary-sexuality-home-event-held-bartlett
240,Urban Salon January 2013;  Ignacio Farías and Michael Guggenheim ,https://www.ucl.ac.uk/urban-lab/news/2013/jan/urban-salon-january-2013-ignacio-farias-and-michael-guggenheim
241,Future Proofing Cities report launched ,https://www.ucl.ac.uk/urban-lab/news/2012/dec/future-proofing-cities-report-launched
242,Michael Edwards participates in London Plan Examination in Public,https://www.ucl.ac.uk/urban-lab/news/2012/nov/michael-edwards-participates-london-plan-examination-public
243,"Regeneration x 10, Bartlett Research Exchange, podcasts now available",https://www.ucl.ac.uk/urban-lab/news/2012/nov/regeneration-x-10-bartlett-research-exchange-podcasts-now-available
244,UCL Behaviour Change Month,https://www.ucl.ac.uk/urban-lab/news/2012/nov/ucl-behaviour-change-month
245,Urban Reasoning pamphlet,https://www.ucl.ac.uk/urban-lab/news/2012/oct/urban-reasoning-pamphlet
246,Creative City Limits pamphlet,https://www.ucl.ac.uk/urban-lab/news/2012/oct/creative-city-limits-pamphlet
247,New Urban Laboratory book,https://www.ucl.ac.uk/urban-lab/news/2012/oct/new-urban-laboratory-book
248,Urban Lab wins joint funding for new international network ,https://www.ucl.ac.uk/urban-lab/news/2012/oct/urban-lab-wins-joint-funding-new-international-network
249,Matthew Gandy on queer ecology,https://www.ucl.ac.uk/urban-lab/news/2012/oct/matthew-gandy-queer-ecology
250,The Art of Dissent: Adventures in London's Olympic State,https://www.ucl.ac.uk/urban-lab/news/2012/oct/art-dissent-adventures-londons-olympic-state
251,UCL's Stratford proposition,https://www.ucl.ac.uk/urban-lab/news/2012/oct/ucls-stratford-proposition
252,Call for papers: Mobilising London's housing histories: the provision of homes since 1850,https://www.ucl.ac.uk/urban-lab/news/2012/oct/call-papers-mobilising-londons-housing-histories-provision-homes-1850
253,Stadtkolloquium 2013 Call for Papers,https://www.ucl.ac.uk/urban-lab/news/2012/oct/stadtkolloquium-2013-call-papers
254,Urban Laboratory and DPU open letter to UCL Council,https://www.ucl.ac.uk/urban-lab/news/2012/sep/urban-laboratory-and-dpu-open-letter-ucl-council
255,UCL Engineering co-sponsors Urban Lab,https://www.ucl.ac.uk/urban-lab/news/2012/jun/ucl-engineering-co-sponsors-urban-lab
256,UCL proposals for a Newham campus,https://www.ucl.ac.uk/urban-lab/news/2012/apr/ucl-proposals-newham-campus
257,CITY journal special feature,https://www.ucl.ac.uk/urban-lab/news/2011/dec/city-journal-special-feature
258,New book: Staging the New Berlin,https://www.ucl.ac.uk/urban-lab/news/2011/nov/new-book-staging-new-berlin
259,Insect City,https://www.ucl.ac.uk/urban-lab/news/2011/nov/insect-city
260,Aditya Mohanty on Commonwealth Split-Site Doctoral Scholarship,https://www.ucl.ac.uk/urban-lab/news/2011/nov/aditya-mohanty-commonwealth-split-site-doctoral-scholarship
261,Cities Methodologies Bucharest,https://www.ucl.ac.uk/urban-lab/news/2011/sep/cities-methodologies-bucharest
262,David Roberts Offered UCL GRS Scholarship,https://www.ucl.ac.uk/urban-lab/news/2011/apr/david-roberts-offered-ucl-grs-scholarship
263,Second Annual Provost's Awards for Public Engagement,https://www.ucl.ac.uk/urban-lab/news/2011/jan/second-annual-provosts-awards-public-engagement
264,Stadtkolloquium-Urban PhD Research Seminar,https://www.ucl.ac.uk/urban-lab/news/2010/jan/stadtkolloquium-urban-phd-research-seminar
265,City Visions: Urban Laboratory launch,https://www.ucl.ac.uk/urban-lab/news/2009/apr/city-visions-urban-laboratory-launch
